timestamp,location,temperature (Â°C),humidity (%),wind_speed (km/h),rain_mm
2025-01-01 00:00:00,Nashik,21.329064910418165,99.61885930832929,9.651561337768326,0.8193051148498678
2025-01-01 01:00:00,Satara,23.973947489616272,46.00274588623128,16.877584057027466,0.7991352939258729
2025-01-01 02:00:00,Satara,19.40941341812703,81.49210387320741,6.26801436410706,4.125850445758038
2025-01-01 03:00:00,Pune,25.077625584342158,84.66331799649811,5.5939173172377155,0.4958457142953287
2025-01-01 04:00:00,Pune,29.09971682447881,88.61572796011195,21.813957450523215,0.4199006964804865
2025-01-01 05:00:00,Pune,24.669801339819525,76.55945818103015,22.903200374252624,1.421174117737881
2025-01-01 06:00:00,Satara,26.199637072027244,92.9637459339605,10.26718783402724,2.4667519797667508
2025-01-01 07:00:00,Nashik,25.504746991166783,73.0146826237291,19.617982104521204,10.647730618308882
2025-01-01 08:00:00,Satara,23.91012009588334,50.83445940831585,13.337594871578801,0.4284647337116887
2025-01-01 09:00:00,Nashik,21.713553798014985,83.2061294983387,13.41633551304007,7.023556707415747
2025-01-01 10:00:00,Pune,29.405894965715998,84.40441545785453,9.036446831416578,0.40272471340364635
2025-01-01 11:00:00,Satara,22.600408533916074,67.7804960544917,8.569276175381091,6.0349711691954635
2025-01-01 12:00:00,Pune,25.772210453354568,82.18183088229173,12.12475707337967,2.3634535288189036
2025-01-01 13:00:00,Nashik,26.572452513987216,82.0205705385771,8.962497287778383,6.238306138763614
2025-01-01 14:00:00,Nashik,29.108512907157575,45.36408639192168,10.05130800656981,0.08958710142225645
2025-01-01 15:00:00,Pune,23.113626492660316,93.21520442793849,9.75384998249567,5.39142509336744
2025-01-01 16:00:00,Nashik,27.980136438821006,60.86530692372264,22.931942746136468,0.37273788395893753
2025-01-01 17:00:00,Satara,30.807125699283173,55.56407520277258,5.028275417293893,0.3655060537266711
2025-01-01 18:00:00,Nashik,26.376157367854365,73.03641286392887,21.585381018951846,12.413354177535725
2025-01-01 19:00:00,Nashik,26.156537099527483,88.30020732238714,8.134640628566396,2.7754152204383145
2025-01-01 20:00:00,Pune,23.370251331029987,88.13127848170177,14.061575101862564,5.781539878979736
2025-01-01 21:00:00,Pune,22.720775256344407,93.9372087351264,15.992916945440015,7.922524882844485
2025-01-01 22:00:00,Satara,29.29550390194164,99.96050452267518,20.445609924240127,2.9287140202167707
2025-01-01 23:00:00,Satara,26.437510418568387,84.47477741982121,11.472728321604457,10.422225574611211
2025-01-02 00:00:00,Nashik,21.996720551880607,70.63432975445258,24.01601084611396,10.019283538607226
2025-01-02 01:00:00,Satara,24.069113429175083,64.51991010421875,14.475525716374085,3.4351000732149255
2025-01-02 02:00:00,Satara,24.250841749088963,94.80419182371625,12.053280842525872,2.1561707175623934
2025-01-02 03:00:00,Satara,22.890907160855562,92.12659882478839,14.791629926448032,0.5909925298327613
2025-01-02 04:00:00,Pune,24.101769273290127,55.61918753323155,14.216685851678218,6.836967870018303
2025-01-02 05:00:00,Nashik,23.33254348636654,83.65232292142167,9.837397543974003,3.9684811856251443
2025-01-02 06:00:00,Nashik,28.219569711248955,84.91999965561064,7.869450373837672,0.2767412892465685
2025-01-02 07:00:00,Satara,25.409341475988796,40.943321739044535,24.289424259642512,3.2967072180207913
2025-01-02 08:00:00,Satara,17.690708728320335,56.582544640486134,19.917849462849137,6.092353284433433
2025-01-02 09:00:00,Nashik,28.99639717534469,72.94988527676972,17.317419080214837,5.573368845345618
2025-01-02 10:00:00,Nashik,23.143294506898272,86.56686589632383,20.960997710039642,6.382620821268729
2025-01-02 11:00:00,Nashik,20.396603158095758,62.600810104455036,6.5841279182941275,3.5455577709843267
2025-01-02 12:00:00,Satara,25.786466936668493,68.36097373604044,14.345475052728283,0.06931376840484854
2025-01-02 13:00:00,Satara,21.89055516503944,66.21824414580914,16.655123588324173,0.7379741742003323
2025-01-02 14:00:00,Satara,21.90906155991272,93.44544545631433,16.10291072009248,2.1977163873016585
2025-01-02 15:00:00,Pune,27.89850631625887,99.69317483180527,15.703859051383475,0.7922689038093126
2025-01-02 16:00:00,Pune,22.8233186251301,50.83610929652049,15.214644776230642,13.76848326849084
2025-01-02 17:00:00,Satara,20.188981108159847,82.91197730665922,6.180305768310412,10.299337474761918
2025-01-02 18:00:00,Satara,28.680860144986667,64.60017561624885,7.024003957617051,8.246147856924756
2025-01-02 19:00:00,Pune,21.897801162116806,57.263630239414525,22.24996608492464,0.23650068554883455
2025-01-02 20:00:00,Pune,24.247815919424987,89.11285096175004,16.08524597154528,0.68036072516454
2025-01-02 21:00:00,Nashik,22.377566369254858,93.1496292319118,16.777418017714435,0.1479801969553748
2025-01-02 22:00:00,Satara,31.28311506641628,66.42369984587211,8.917706272685336,2.8132988832374064
2025-01-02 23:00:00,Nashik,22.299747274800552,80.7470772757377,10.95525340401112,3.007947346569355
2025-01-03 00:00:00,Pune,24.10153840396098,98.04622610439824,6.93139935762952,0.4245303334273973
2025-01-03 01:00:00,Nashik,28.680871062207387,96.9500286828262,14.237484036458337,2.9621528358606364
2025-01-03 02:00:00,Satara,22.888057937040756,81.2634110993383,17.621724552036735,2.0036753785689827
2025-01-03 03:00:00,Pune,29.241230082469478,90.68575113948228,13.492115460898786,1.592912042343742
2025-01-03 04:00:00,Nashik,22.480147256667028,96.09959201317753,21.600704265469204,1.3418765499734178
2025-01-03 05:00:00,Satara,24.163346681454048,82.03335282469853,15.338002426270865,0.5852076869946137
2025-01-03 06:00:00,Pune,25.50554736073362,87.32675341221652,22.866069237722783,4.986350027340703
2025-01-03 07:00:00,Nashik,30.603785899736813,71.58687509149507,7.412288361832005,2.523108577715018
2025-01-03 08:00:00,Nashik,20.716012835729348,59.317070043392334,10.050422496506542,5.990522972186618
2025-01-03 09:00:00,Nashik,23.191752166813632,44.18285429693475,17.479254533707227,1.4422811954681358
2025-01-03 10:00:00,Satara,22.867387288999872,48.47010602217214,15.448780641864044,1.7504849850155155
2025-01-03 11:00:00,Satara,21.676807110998098,93.72025540403456,24.716635207662843,1.1512948955821274
2025-01-03 12:00:00,Satara,21.377032997792103,46.08362695332973,23.45119014411343,3.9695519327211244
2025-01-03 13:00:00,Pune,22.593186797638985,94.33516086571399,7.671995509069179,1.0406870230814282
2025-01-03 14:00:00,Satara,20.297225683610087,77.82962500906433,16.51209010744511,2.6825349281001163
2025-01-03 15:00:00,Pune,23.610842926728264,99.21478677216194,14.685568208084671,15.80129526580039
2025-01-03 16:00:00,Nashik,22.06122122463689,62.0771588177424,17.01779063062281,0.03749617493020474
2025-01-03 17:00:00,Satara,26.607602469164163,90.9932160546978,23.602501228182305,1.5219965349475517
2025-01-03 18:00:00,Pune,24.51309076672412,55.07610982470421,5.64243391200244,4.026706014844489
2025-01-03 19:00:00,Nashik,28.74853149659217,96.0442805621604,24.96341174361093,5.144303172443713
2025-01-03 20:00:00,Satara,23.29470697606702,69.34370061741754,6.327278664008977,2.203577331339442
2025-01-03 21:00:00,Pune,23.844369784122282,89.37746930114017,19.645103418186487,9.56336103122781
2025-01-03 22:00:00,Satara,23.681214011770653,48.852759364177736,19.875626670009403,1.2778594000837917
2025-01-03 23:00:00,Satara,25.280349421762573,71.33617239772033,15.077973604852517,2.199641366757213
2025-01-04 00:00:00,Pune,29.04018705908434,77.24077447989897,18.459599731462852,0.00792895946344101
2025-01-04 01:00:00,Pune,24.428411218557496,77.85703891705141,16.397503501078926,1.117194811903858
2025-01-04 02:00:00,Satara,20.728984812429072,50.39248556449863,11.248364931837312,5.364089597238967
2025-01-04 03:00:00,Satara,23.077954660035424,66.04169670084738,11.97989797793364,3.2346715065501033
2025-01-04 04:00:00,Nashik,27.18731977225459,94.56806970858656,22.229674235157677,4.244970967129584
2025-01-04 05:00:00,Pune,27.478627261688477,58.26021830328,7.545179299080087,1.238394067014295
2025-01-04 06:00:00,Nashik,22.38357985718799,55.402811040100254,15.459254668905796,1.275266035866081
2025-01-04 07:00:00,Pune,24.22696645027197,89.03351024353545,23.13775469041851,1.1858076701097882
2025-01-04 08:00:00,Nashik,22.69371628086599,68.97771030569956,15.878048118447616,5.392549628429486
2025-01-04 09:00:00,Satara,25.623402284398185,82.0204768370075,17.813410617407634,0.7711314947903363
2025-01-04 10:00:00,Satara,27.23935556127092,44.58968868080411,6.268626427568378,0.11337729435416649
2025-01-04 11:00:00,Nashik,29.76683280477944,57.636079554380544,11.90266309604831,0.5859916253759382
2025-01-04 12:00:00,Pune,27.657738794562572,95.75249347473788,8.032772507851524,3.8907104038448237
2025-01-04 13:00:00,Nashik,26.115761458930905,71.99664360094252,18.508724470718885,21.013812408749434
2025-01-04 14:00:00,Satara,22.571628486131644,61.35961639936573,18.165222817795517,0.21325509499807568
2025-01-04 15:00:00,Pune,28.69632545307718,90.57605054398596,18.411142549086403,4.206105010711289
2025-01-04 16:00:00,Pune,24.87064618063794,45.33955424592851,21.26819818557501,0.18325722918995943
2025-01-04 17:00:00,Satara,27.029423856206193,85.57748651228934,10.979765992811314,0.14835226735625945
2025-01-04 18:00:00,Satara,24.591387287061465,77.01910423005681,5.525122380516743,0.6291807760287365
2025-01-04 19:00:00,Satara,21.327408331531043,86.38078208675425,22.067335882326205,0.356647290846246
2025-01-04 20:00:00,Pune,23.633528420735303,58.95772175657709,17.333564805010738,3.5913622995257297
2025-01-04 21:00:00,Pune,24.562322887369422,50.65917797659456,24.927003888921334,0.07431395135646483
2025-01-04 22:00:00,Nashik,26.38091289827837,68.10111012861165,10.914456264704695,0.8727094839738117
2025-01-04 23:00:00,Satara,28.075256651359464,82.03035315280646,6.951531523970809,3.001347657143241
2025-01-05 00:00:00,Nashik,20.66912733011169,51.34833021071948,5.0809624870455234,2.1397615675716017
2025-01-05 01:00:00,Satara,26.86626618504941,62.561603133717114,19.753919408070438,5.159433343254328
2025-01-05 02:00:00,Satara,29.477192897301467,64.43732846287276,18.90839480474588,0.7032615263400607
2025-01-05 03:00:00,Pune,21.03604904667612,68.1556427992206,24.389510919984215,0.38980396664324324
2025-01-05 04:00:00,Satara,28.98801773882061,50.815392397963194,6.312308576943186,1.3497182362246283
2025-01-05 05:00:00,Nashik,26.124165418006548,72.5975819191685,10.7692600813362,1.177574258321163
2025-01-05 06:00:00,Satara,22.009014008615402,92.9592137873661,8.080546690725027,4.4506964432158185
2025-01-05 07:00:00,Pune,23.460993221637686,82.0477334438951,23.65636174583198,1.1150414276795007
2025-01-05 08:00:00,Satara,19.601918370352315,57.9122324556402,7.472649288255948,3.6271434116052994
2025-01-05 09:00:00,Pune,26.828605382238212,85.71055150311318,16.658223201794538,8.987001473054402
2025-01-05 10:00:00,Pune,22.07012424231191,74.98198258774185,20.40586102391457,0.2391303271829056
2025-01-05 11:00:00,Pune,23.233710325711726,46.198558418586046,6.179445152979868,1.4355047894088848
2025-01-05 12:00:00,Satara,25.806016489043884,74.57083063908976,9.92374047479335,1.506959584853056
2025-01-05 13:00:00,Satara,28.030346365186666,97.15459297609137,20.715024750532823,1.9529470444990893
2025-01-05 14:00:00,Nashik,18.382908760138616,72.35327683432305,5.641040903415013,3.466390235700048
2025-01-05 15:00:00,Satara,30.339477972997763,40.5840794968664,22.26827190297891,2.4336917406551817
2025-01-05 16:00:00,Nashik,27.46864131703302,71.0485304178976,24.091114824678122,3.2848255878335495
2025-01-05 17:00:00,Pune,23.93755753761485,68.41176433182615,9.797625195782258,1.9530013034657485
2025-01-05 18:00:00,Nashik,25.569990171258507,76.54755202127475,6.071329514355868,0.31031407070269146
2025-01-05 19:00:00,Nashik,23.554310927882206,87.89755802856595,23.332805842775038,2.104095890133688
2025-01-05 20:00:00,Nashik,24.493999107618187,70.9020359825163,20.605923152176835,0.9164813812061163
2025-01-05 21:00:00,Satara,21.034598631544142,91.38748929542123,22.04462055329017,1.9907875085535056
2025-01-05 22:00:00,Nashik,26.32145607961626,98.2134089410986,16.869884822512073,2.4683162209900043
2025-01-05 23:00:00,Nashik,24.186185914917125,55.1418939614805,16.712185886614165,3.8781890029470363
2025-01-06 00:00:00,Satara,20.390338355732148,42.09417352191798,19.516683040202054,1.215240323211571
2025-01-06 01:00:00,Nashik,24.299683146576772,80.42596652109863,16.03873476343317,2.0401428794880947
2025-01-06 02:00:00,Nashik,25.779004431239425,54.2415993209372,13.458974959818562,2.465469543599994
2025-01-06 03:00:00,Pune,26.67741044538619,77.80111658874935,13.917233663340436,2.232411279751537
2025-01-06 04:00:00,Pune,30.171472519395692,40.68505628267759,6.0505806450681066,6.51067076536992
2025-01-06 05:00:00,Nashik,27.212947206409783,80.86360936681989,22.722428313661062,0.9918724297338104
2025-01-06 06:00:00,Satara,32.41318311769294,41.83594938320243,7.455651233168017,3.9109782062040304
2025-01-06 07:00:00,Nashik,23.836266945534607,45.326015768301225,18.40437581899944,2.0059266023169244
2025-01-06 08:00:00,Nashik,24.177453554923275,65.0075547604657,23.135972366716217,1.3469097648407358
2025-01-06 09:00:00,Nashik,22.737716910925993,98.24799940248738,6.3365739009768,1.2958988436013912
2025-01-06 10:00:00,Nashik,22.146659987666098,68.49612742221701,9.833995814894955,6.289730005184122
2025-01-06 11:00:00,Pune,24.215343224481952,53.59162342507337,23.76329633591688,1.2077635698439493
2025-01-06 12:00:00,Satara,25.597604975328778,85.77943953020014,14.791847712623483,3.555663381627368
2025-01-06 13:00:00,Satara,22.37791724958773,87.85642486340754,9.589183531236113,0.5657320477130884
2025-01-06 14:00:00,Nashik,20.75768545645039,74.56716589961107,7.385787140610391,0.6946391593812894
2025-01-06 15:00:00,Satara,24.071246392365445,87.54269686961294,8.172204321758237,0.18274020782502423
2025-01-06 16:00:00,Nashik,19.06372026531696,54.56682002380269,19.588350337566368,1.0344489787006308
2025-01-06 17:00:00,Nashik,16.988996380919517,41.528287626312974,11.635347280075557,3.2937118392376163
2025-01-06 18:00:00,Pune,23.025188087991054,51.35058673935333,6.773122279741701,0.06306382833485873
2025-01-06 19:00:00,Nashik,19.265486979722013,43.787984898730926,11.96609101850614,3.3424202868815382
2025-01-06 20:00:00,Nashik,26.063236836169885,43.710090374950774,18.09389405610274,10.481171966223847
2025-01-06 21:00:00,Nashik,17.247378116057316,72.74212304139292,5.840050165459054,0.6058416299159868
2025-01-06 22:00:00,Nashik,29.01034339119337,91.23105516337043,18.590815695210164,3.923099220943125
2025-01-06 23:00:00,Satara,31.489241691272227,98.79146066008295,10.790199620997889,0.6324089781305868
2025-01-07 00:00:00,Satara,23.457222777585134,48.05224781203753,12.980029330127259,1.2103929516803955
2025-01-07 01:00:00,Pune,26.50832354930035,62.488135055275876,21.69216473256621,0.9890493914275859
2025-01-07 02:00:00,Pune,26.20529536544369,57.01732623625092,7.8112676891861765,0.67837090393562
2025-01-07 03:00:00,Satara,23.25760958284087,78.67671627629234,23.305254295361042,3.158834508734894
2025-01-07 04:00:00,Pune,24.826868648557507,95.69929019709335,23.733778973838678,1.957155519492114
2025-01-07 05:00:00,Satara,17.063269968065995,90.97120018022257,20.234168026616818,5.231404931065297
2025-01-07 06:00:00,Pune,26.446635105313543,80.59425030714537,12.603772478099728,12.905655821597307
2025-01-07 07:00:00,Nashik,21.815424988392508,95.20146436759354,19.7742680676527,0.12978409985119796
2025-01-07 08:00:00,Nashik,26.400613133491355,66.24368536325757,6.193840854276673,1.4935024961093544
2025-01-07 09:00:00,Nashik,22.1965666886991,62.492854751071306,16.195304401874324,9.939105919334393
2025-01-07 10:00:00,Satara,24.66763079106578,81.62371262681361,20.568308962635314,3.3750311820846512
2025-01-07 11:00:00,Satara,22.172868217799135,79.85233391614247,12.88763182864251,0.8095747675495206
2025-01-07 12:00:00,Pune,27.570550990661104,45.907960318525234,7.685197358307718,6.024060962676929
2025-01-07 13:00:00,Nashik,26.390988504043104,46.24454900263598,17.780593938573887,2.6917382237044367
2025-01-07 14:00:00,Pune,25.755788196593244,81.85243555234794,6.724107849747525,5.965386398602662
2025-01-07 15:00:00,Satara,27.303267980826067,92.05303194283917,11.5381352513562,2.42679409716254
2025-01-07 16:00:00,Nashik,18.236743120357186,88.0160039918114,9.7314825962609,0.6356790143117936
2025-01-07 17:00:00,Pune,20.706421113051906,75.6521123214894,10.871915377693774,6.3194731451735855
2025-01-07 18:00:00,Pune,20.405329260547763,98.06936312843632,20.73960250933721,0.7578717231504324
2025-01-07 19:00:00,Satara,22.829099540298365,97.07215090984369,11.26772310683732,2.9627109267152205
2025-01-07 20:00:00,Pune,24.624581508533637,91.10706411351674,8.72148014988042,15.275617506871951
2025-01-07 21:00:00,Nashik,24.64389100156944,97.01841124360544,21.30443337474809,0.2514212771792643
2025-01-07 22:00:00,Pune,23.731812569041278,81.06891013228056,24.37267232186705,4.001402806196879
2025-01-07 23:00:00,Nashik,23.416024554882643,50.29396280881035,22.211604380914697,2.7852204260227467
2025-01-08 00:00:00,Satara,26.3913688709424,45.13006385527483,12.831134652665108,11.334054098099168
2025-01-08 01:00:00,Pune,27.233838716990704,93.34472637145834,15.315402478694002,5.24927027603365
2025-01-08 02:00:00,Nashik,29.116762178191827,72.63524380395071,10.732821861852972,0.44622785868678927
2025-01-08 03:00:00,Pune,29.266294913931645,77.22427009022297,23.240310454252786,0.9925068519354066
2025-01-08 04:00:00,Pune,24.28207410445711,69.21866636131638,22.021543602505474,2.994112945644315
2025-01-08 05:00:00,Pune,26.546270260307942,76.83251955233743,8.510033070542537,1.2521691502863366
2025-01-08 06:00:00,Pune,28.148638740310272,76.22752119368909,24.33729560028219,0.027943302546665612
2025-01-08 07:00:00,Satara,17.83634272408331,77.64899743451744,15.031506861133233,4.099916269940464
2025-01-08 08:00:00,Pune,27.0757065997142,74.55821860392761,24.2317517415228,3.3520577992225133
2025-01-08 09:00:00,Nashik,27.29048706502314,58.32631999741392,23.149070244262873,3.863384113001601
2025-01-08 10:00:00,Satara,23.374265200919943,78.34135163687907,14.775313749258698,1.7744426926218075
2025-01-08 11:00:00,Satara,27.02813439312385,95.18173744491516,19.831578097897083,3.288749045847257
2025-01-08 12:00:00,Pune,23.10150579398171,68.5398691732494,15.03750125559121,2.2170834665187424
2025-01-08 13:00:00,Nashik,23.075427512815608,52.507752248787924,9.765614199540027,5.491625817182193
2025-01-08 14:00:00,Nashik,29.238797449600156,78.73907244615295,12.306518008156974,1.9591994665606025
2025-01-08 15:00:00,Pune,28.035991127086575,96.17697039236725,17.782534180667,0.704046124758321
2025-01-08 16:00:00,Pune,22.442690105406722,93.6124281720585,6.248149681120965,5.707037448620904
2025-01-08 17:00:00,Nashik,23.944967978741325,77.04603366631241,12.111998875932578,2.9117208135092616
2025-01-08 18:00:00,Satara,21.178466574956715,63.57869201285794,12.436969539251624,7.715259928281948
2025-01-08 19:00:00,Pune,20.715118187816916,99.55721484658886,16.604171039028333,2.135782105049848
2025-01-08 20:00:00,Nashik,25.24001095608943,56.642199962768245,8.209459108677791,6.800619901765114
2025-01-08 21:00:00,Satara,25.306610560243247,65.21541997979163,9.27935875795397,16.21953707371492
2025-01-08 22:00:00,Pune,27.203641242236195,63.28175046922273,19.799351171926148,5.2021775460002
2025-01-08 23:00:00,Pune,25.749134281591676,76.25977606956764,6.212141089817287,3.3221735608769296
2025-01-09 00:00:00,Satara,28.484165369541692,95.64040477557367,24.245704091945218,10.421886271157922
2025-01-09 01:00:00,Nashik,25.193493302131753,52.279119912112385,23.18149415922332,3.8272032698354286
2025-01-09 02:00:00,Pune,27.129231408476304,50.75762159654596,14.522740443982938,0.019392236004261355
2025-01-09 03:00:00,Satara,30.044352257698172,90.84860509474119,10.566890487256927,2.62664035918109
2025-01-09 04:00:00,Pune,22.696677530676155,60.40503040957766,15.406981973509362,13.641056644705202
2025-01-09 05:00:00,Pune,23.218132548465952,60.480309890002744,9.953705954057352,4.677338994173811
2025-01-09 06:00:00,Satara,26.547673376372387,40.599245177648946,22.838898865691977,4.067958697791179
2025-01-09 07:00:00,Pune,29.08724635547552,77.76244162332767,24.955814499520702,5.022196102760573
2025-01-09 08:00:00,Pune,28.75383828236829,63.08821706785426,14.530117627320022,1.174097428080128
2025-01-09 09:00:00,Satara,31.917415458501843,67.67047719972385,19.781295348441375,5.406976465466762
2025-01-09 10:00:00,Satara,24.19442104734675,90.00471104518024,24.264045970746622,0.42558348834266
2025-01-09 11:00:00,Pune,25.26369549128796,92.54002655349628,8.418444967048984,4.855721671324401
2025-01-09 12:00:00,Pune,26.78560930969779,40.025447791503176,14.433850910301754,2.963640414764742
2025-01-09 13:00:00,Pune,21.709902242562233,55.12054960572722,5.563996290491713,3.8924744827642606
2025-01-09 14:00:00,Nashik,25.63326358653074,45.848478259867925,19.673071331022772,0.41460680210705136
2025-01-09 15:00:00,Nashik,22.79407100654371,54.33203609679833,8.1427441486785,1.3962953762476407
2025-01-09 16:00:00,Nashik,22.339267195790644,76.41259001403728,18.63915980936722,6.0057574957202915
2025-01-09 17:00:00,Pune,27.494361626734875,49.85378110377468,21.701330051605517,0.14318530737571356
2025-01-09 18:00:00,Nashik,23.395710442360837,70.11180874151307,6.991491862372829,0.7058992365807127
2025-01-09 19:00:00,Satara,27.303825107071827,43.94442895100762,19.17374400806832,4.644305849529021
2025-01-09 20:00:00,Satara,27.34759430199841,95.03447381091513,13.459984525028023,5.017360190736252
2025-01-09 21:00:00,Pune,28.34934952758017,98.18764784843727,10.017930700758694,0.07012275643647461
2025-01-09 22:00:00,Nashik,24.322590764528687,82.54728909589554,10.758069554121587,4.284678166741408
2025-01-09 23:00:00,Satara,27.779772114237165,89.00930851016562,13.232154686893075,0.092784881655413
2025-01-10 00:00:00,Satara,23.52219973112295,81.20516290808732,13.899296577883009,1.3193927193538406
2025-01-10 01:00:00,Pune,22.122451050035977,60.752504868430854,19.286444636891467,1.3923713501044679
2025-01-10 02:00:00,Nashik,26.143473996131743,41.363552100847954,11.403801638643083,1.1698325673734267
2025-01-10 03:00:00,Satara,23.839994967468215,54.81986825314405,20.90545660144116,2.1338426909101176
2025-01-10 04:00:00,Nashik,23.55610068268376,89.46417022961185,22.429276888690175,2.595175399797642
2025-01-10 05:00:00,Nashik,29.753520314302747,59.03903683792397,14.680805661265172,0.9728288210802549
2025-01-10 06:00:00,Pune,22.838901878022913,52.33027555164935,11.000416573233615,0.5684313949941996
2025-01-10 07:00:00,Satara,25.643791601929905,66.62097666262477,13.711258339289278,0.09330489444456279
2025-01-10 08:00:00,Satara,24.01832715720629,90.90329322140398,5.146232808641182,0.36653718308471545
2025-01-10 09:00:00,Satara,23.434948063047568,46.16885426862156,15.211689755297508,4.331964015886161
2025-01-10 10:00:00,Pune,25.666777080809087,94.96270294660549,7.595066251399314,9.520394520025317
2025-01-10 11:00:00,Satara,20.099701934773776,47.58270458250347,14.175884750492012,0.37726424571613515
2025-01-10 12:00:00,Satara,29.43794398595161,98.98301288222783,16.75444078172086,1.533199361852422
2025-01-10 13:00:00,Nashik,20.437353919016765,85.31022767989688,16.49202785314452,0.8669265147669688
2025-01-10 14:00:00,Pune,23.706456731168018,49.96824967158026,24.089756378145847,5.286255852835436
2025-01-10 15:00:00,Pune,23.3891221282006,98.75356720658353,18.94488245266836,1.4122901581299756
2025-01-10 16:00:00,Satara,23.624577866833093,40.10560007067001,17.799808949205257,5.591733384216628
2025-01-10 17:00:00,Nashik,22.912095010752225,74.07253911740094,15.875447610622315,5.856438770612293
2025-01-10 18:00:00,Pune,26.881715033853904,50.521738996083,20.682474145191918,2.444044789751029
2025-01-10 19:00:00,Pune,23.623866166983493,59.32440238074463,6.630980857855901,0.5125459084192021
2025-01-10 20:00:00,Satara,23.128886505192426,85.47732839662218,17.324862699897366,0.30752454383986316
2025-01-10 21:00:00,Pune,28.641130388367124,88.34147589401354,18.880961035032527,3.5418657885785514
2025-01-10 22:00:00,Pune,26.176913893047885,60.040930324278165,21.532069343213205,2.4699598323551637
2025-01-10 23:00:00,Satara,29.807589988666447,90.17382267720369,13.880287335805582,1.6069219041048193
2025-01-11 00:00:00,Pune,20.68818458280854,63.15129239644828,17.90551410345757,8.293204533031245
2025-01-11 01:00:00,Nashik,23.678576451913905,70.35705919700007,16.317503884064415,3.2201476721679363
2025-01-11 02:00:00,Satara,22.659337938475716,59.94525245058262,11.26010801856654,2.7789367466017367
2025-01-11 03:00:00,Nashik,30.03086302314275,86.26784033049171,10.838646753243964,7.321240759778585
2025-01-11 04:00:00,Satara,21.059351486655405,84.45636334311664,22.00786764026321,0.6174821678365207
2025-01-11 05:00:00,Pune,25.42470417627452,53.23941956587651,17.151812561172747,2.476238816128635
2025-01-11 06:00:00,Pune,22.311701463087264,61.742594953923984,7.226916008287006,0.506624777405493
2025-01-11 07:00:00,Nashik,21.106881391383993,89.23387553891362,10.155774437091974,3.963827412306234
2025-01-11 08:00:00,Pune,31.309150960887685,94.79408761603548,8.30097133063269,3.74660642923512
2025-01-11 09:00:00,Pune,30.852172815283897,69.57692071038552,11.265890722270255,0.06304710429423438
2025-01-11 10:00:00,Satara,18.405939606223228,54.29644128872752,7.363978940266089,2.859311651982723
2025-01-11 11:00:00,Satara,25.51156943573486,66.17099118612644,14.363306443888108,0.0858600015881482
2025-01-11 12:00:00,Pune,27.729841902386948,43.4793315203982,12.806740649408162,2.5540505478893683
2025-01-11 13:00:00,Satara,26.661422103086437,89.771804443774,14.9011817033295,3.8155830541883056
2025-01-11 14:00:00,Pune,25.23889068818054,87.58238547419278,16.037821385183626,5.719420371450035
2025-01-11 15:00:00,Pune,22.10533373655212,67.0081109320279,5.654429933089626,6.815859019558962
2025-01-11 16:00:00,Satara,31.375730859313805,55.849013192922385,18.32325134596684,2.1974101934208803
2025-01-11 17:00:00,Nashik,24.115461786399326,68.39397659473788,16.46251292575922,2.145845794012838
2025-01-11 18:00:00,Satara,24.79080031361683,58.42756233546259,13.851468186268981,2.900442610355883
2025-01-11 19:00:00,Pune,24.512826342493252,59.86160716799799,9.476808912369956,2.8150552571965886
2025-01-11 20:00:00,Nashik,27.92348042785352,94.3583987201203,23.75669486005909,10.646773103352801
2025-01-11 21:00:00,Nashik,21.909433048063896,69.02506656871695,17.26466996396011,4.257097193650791
2025-01-11 22:00:00,Satara,30.799474074633515,47.85932146816899,20.43227175315651,3.4980665801693993
2025-01-11 23:00:00,Nashik,26.069241516779652,65.078612924781,5.970927509873308,13.572856796873538
2025-01-12 00:00:00,Satara,30.951038517081074,69.2434854697685,9.721891957846154,0.015554057219917775
2025-01-12 01:00:00,Nashik,24.641443384855087,58.618711726170616,9.716595860697844,3.769811828708733
2025-01-12 02:00:00,Satara,24.126847406708226,85.47091746137332,20.963705900221278,0.7285365731589063
2025-01-12 03:00:00,Satara,26.955594596802904,56.803436583253344,13.706125012165595,3.5098789779782953
2025-01-12 04:00:00,Satara,23.720256349267114,92.13065522434061,7.134390721648856,12.05984911979757
2025-01-12 05:00:00,Nashik,26.114362381434503,84.96981243400772,15.97027772195689,1.3939465152850603
2025-01-12 06:00:00,Nashik,24.727276115413453,75.81490368417593,21.883759189362,10.615236150494377
2025-01-12 07:00:00,Nashik,22.944504530431296,77.00839299059844,11.829385370602068,1.6178904872432964
2025-01-12 08:00:00,Nashik,25.092772299859316,69.66759644994838,14.479091541520235,9.524538941986695
2025-01-12 09:00:00,Nashik,23.7838833162579,43.81584216038424,8.393536507631614,3.895080118711697
2025-01-12 10:00:00,Pune,24.41758340775029,62.61647133190218,14.541808905621316,2.982919133173918
2025-01-12 11:00:00,Nashik,26.236850911373214,90.42694510319429,17.133326479259175,0.9890723436623193
2025-01-12 12:00:00,Satara,27.709918588951567,49.69898106079622,10.581177507462115,2.139398330856575
2025-01-12 13:00:00,Satara,24.26219880259112,96.91694681255876,16.96612379422295,0.43327273488053086
2025-01-12 14:00:00,Nashik,27.036628525556097,68.79248344672567,11.581239491561117,1.749193341891266
2025-01-12 15:00:00,Pune,34.795839402124784,50.802649668850634,12.850601476562087,3.5207820326590165
2025-01-12 16:00:00,Nashik,26.52341267483376,96.82213845293353,21.618266708019533,5.410364642094102
2025-01-12 17:00:00,Satara,25.046488782857278,54.63372485205748,24.48694520741098,2.7795466301174523
2025-01-12 18:00:00,Nashik,15.549659072258464,72.25751701704168,9.177999350459684,1.6341155137577288
2025-01-12 19:00:00,Nashik,23.187732577758062,63.9406633454752,10.022477418145927,2.9732970118020754
2025-01-12 20:00:00,Satara,25.48130440911214,90.9483845291353,14.624962371989445,1.4545896419942899
2025-01-12 21:00:00,Satara,23.45145070594269,64.91476588407444,18.393656892023387,2.1245095505093294
2025-01-12 22:00:00,Nashik,26.699265374088036,63.148723463650896,23.091734205838158,1.8097818527470475
2025-01-12 23:00:00,Satara,22.162812839784294,97.68160589604332,21.404621858064395,8.165028450876417
2025-01-13 00:00:00,Satara,29.713659046860244,59.5967240750347,15.89597461690251,8.740421629391577
2025-01-13 01:00:00,Pune,23.704578088304558,92.15730109168852,14.969995116345874,4.506200522202244
2025-01-13 02:00:00,Satara,18.395900079357407,60.17630169376751,17.771295931279614,2.213281341486116
2025-01-13 03:00:00,Pune,30.195260429817335,85.14391531664829,10.651865218840245,0.6954860855184508
2025-01-13 04:00:00,Nashik,25.105259641476998,42.96760934791655,21.591758500646964,0.7235274123381334
2025-01-13 05:00:00,Nashik,26.352886013110016,82.88168640685538,14.430834137722533,6.310752942225301
2025-01-13 06:00:00,Satara,20.114191324918853,40.47791266572501,13.597415689663567,3.101127268549136
2025-01-13 07:00:00,Satara,26.07681065458976,79.26714849714193,16.624963771247483,4.805497990675175
2025-01-13 08:00:00,Satara,22.19847933642942,69.99973567966207,16.319259982266686,1.5893080795573584
2025-01-13 09:00:00,Satara,24.020887855449487,52.09991969495402,18.921729272013774,1.94068175947314
2025-01-13 10:00:00,Nashik,20.081807715938705,64.96603242156745,12.49667734485948,4.980938761485191
2025-01-13 11:00:00,Nashik,21.93739943174078,96.40937263370611,7.4322974803447694,7.002624172866855
2025-01-13 12:00:00,Nashik,28.662682739513368,98.81600324109138,17.998892315479036,5.036649788774991
2025-01-13 13:00:00,Satara,24.71845035260515,43.85861717887132,5.417864719434455,3.475858551579117
2025-01-13 14:00:00,Satara,23.073691039941657,55.70500409661344,19.62914871597001,5.987532271968058
2025-01-13 15:00:00,Satara,28.24969182145751,91.48063771793548,12.262202270701186,5.758163939288923
2025-01-13 16:00:00,Pune,24.40593725524502,74.9852035508791,10.737519427662466,2.4659711482500226
2025-01-13 17:00:00,Satara,24.198848300380067,40.07164837907036,8.44932925709836,4.349383882439589
2025-01-13 18:00:00,Pune,23.825583799633012,74.47178081376634,24.308624552487508,1.5427770147643225
2025-01-13 19:00:00,Pune,27.879202463239807,68.27069871025537,12.925342986184718,0.7430313398082917
2025-01-13 20:00:00,Nashik,29.478212459805913,92.80836656618379,10.069610504235076,1.3945733324409262
2025-01-13 21:00:00,Satara,24.320753366775268,92.37146192184696,19.181181557993835,0.4225876731138929
2025-01-13 22:00:00,Nashik,27.50214568075886,74.93357445390782,7.671189800055627,10.75557810329726
2025-01-13 23:00:00,Pune,23.42570027718519,68.08120319977881,22.464481387281584,1.1670098045658037
2025-01-14 00:00:00,Satara,25.11374206070424,95.2937704922322,20.225246648546356,0.09424256263548667
2025-01-14 01:00:00,Nashik,26.598228322684953,61.70957658403659,11.846339739719083,9.707024844747366
2025-01-14 02:00:00,Satara,24.150803761808923,65.95799466730904,13.437805293764626,5.970521972861176
2025-01-14 03:00:00,Pune,23.253643468310173,67.78863103654803,19.91080987292529,5.18465615819792
2025-01-14 04:00:00,Pune,22.565443475227692,60.029396735177514,19.183462882316178,0.7210119947827331
2025-01-14 05:00:00,Pune,23.638559020655958,49.38848714792374,21.260711473106436,1.7030376954029334
2025-01-14 06:00:00,Satara,20.972316210379788,54.18956066691986,9.684790667531374,0.5705171445267868
2025-01-14 07:00:00,Satara,25.37090359369503,51.41499264007518,14.880064782170692,1.4886522607497739
2025-01-14 08:00:00,Pune,30.437402401813053,61.512259844586815,11.829108414749099,1.3245540781800351
2025-01-14 09:00:00,Pune,19.623073401772174,93.03163477186622,6.840000448346501,17.0231803509274
2025-01-14 10:00:00,Nashik,22.527510670520932,86.67569919289795,12.898917794546351,4.501236954025396
2025-01-14 11:00:00,Pune,26.2180903312058,91.73082418097574,18.854055499439426,1.928638557491467
2025-01-14 12:00:00,Nashik,26.29920217631111,56.44314105115331,18.56548057529107,6.102684735615755
2025-01-14 13:00:00,Nashik,20.29402417129601,67.3558722357975,21.142355621178698,0.522774244218482
2025-01-14 14:00:00,Satara,22.081912085527428,47.03434688157008,10.838638057071474,4.223330803380569
2025-01-14 15:00:00,Pune,19.282371827154805,79.79617728337209,10.461964720796836,3.6051360267928674
2025-01-14 16:00:00,Nashik,26.099160624997594,53.26430860261266,24.458146330455538,4.627297079820474
2025-01-14 17:00:00,Pune,30.77491126878249,48.76635537932157,13.880942910951307,1.6824224608833487
2025-01-14 18:00:00,Nashik,26.147798736219546,86.15673419532229,8.210525925461319,0.12739982560656404
2025-01-14 19:00:00,Nashik,21.633791192372097,76.25314195280694,17.363588843876716,8.127845235453321
2025-01-14 20:00:00,Nashik,21.256229441519366,64.9532704308674,13.357057828930536,9.300633274963664
2025-01-14 21:00:00,Nashik,25.74252182370923,87.93219808200472,13.135461695189788,0.14283675986753158
2025-01-14 22:00:00,Pune,22.943181458981222,63.75230083301387,6.63188599488171,1.3015781496171654
2025-01-14 23:00:00,Nashik,23.501424030963236,56.84664148041713,23.92599027789176,1.4481154349606622
2025-01-15 00:00:00,Pune,26.239407898026332,86.57997407115855,17.67087437908267,1.6486615557147963
2025-01-15 01:00:00,Satara,24.381408271816838,91.04577454361112,16.70527931604009,2.1732118309841777
2025-01-15 02:00:00,Pune,20.876303002736364,61.46370966266419,18.9145544776571,0.7528871093828442
2025-01-15 03:00:00,Nashik,27.80473233437513,58.17592294213636,10.66998506130025,0.8599281507049079
2025-01-15 04:00:00,Pune,25.700338901899876,89.9688370259608,20.753068140088764,2.9496950761204586
2025-01-15 05:00:00,Pune,26.173198155485757,65.86886787914503,16.245618285496974,6.440851700671367
2025-01-15 06:00:00,Nashik,27.842514177041323,90.71604101389258,14.401873086776398,2.387532519771597
2025-01-15 07:00:00,Pune,24.758659639633272,46.19617466664101,19.9870814820403,2.8879109794914406
2025-01-15 08:00:00,Nashik,24.256718151374436,94.46211586713365,13.78587169096413,2.66808266427252
2025-01-15 09:00:00,Pune,24.195154932630768,63.7012382898508,19.864995284601566,5.401883118900493
2025-01-15 10:00:00,Satara,25.99118900408406,79.16454845715784,8.517938996957486,1.5050208363484638
2025-01-15 11:00:00,Satara,18.995194704259543,51.420739339747186,9.96835668219701,0.43257520939430116
2025-01-15 12:00:00,Satara,20.91829785367184,95.01979838280737,12.071716641723938,0.13646673401775783
2025-01-15 13:00:00,Pune,28.116694891050393,51.50000595512382,15.59771024419826,6.13504795289524
2025-01-15 14:00:00,Satara,26.14957024992453,42.31720788726859,20.969272679559175,2.4834708991455683
2025-01-15 15:00:00,Nashik,29.970222942441804,81.6997426750089,19.3604666785711,2.0212239873343223
2025-01-15 16:00:00,Pune,25.53460704294931,79.39431101932479,19.099870365988423,0.3921880227788801
2025-01-15 17:00:00,Pune,29.281025608648733,73.50601925711896,11.710742329692785,4.3132619949066715
2025-01-15 18:00:00,Pune,22.344451044299202,61.15591514272714,15.505757330849722,7.251047149193802
2025-01-15 19:00:00,Nashik,24.032597996102027,55.699117277762724,7.938876471479073,2.179463428887286
2025-01-15 20:00:00,Nashik,27.147572955493324,55.209504920730566,17.97502386324448,1.5866084877627078
2025-01-15 21:00:00,Nashik,18.07432111819558,86.14265828122241,12.09631019716136,0.23960216987410057
2025-01-15 22:00:00,Pune,29.45198354646427,53.073248453472246,21.19934286903687,11.623867458292821
2025-01-15 23:00:00,Satara,29.69143166654088,53.00754409550319,11.847811208703767,4.401886439388111
2025-01-16 00:00:00,Pune,27.48126912049733,77.31268116110888,16.034170393995772,5.198147506913097
2025-01-16 01:00:00,Satara,26.14675188624766,74.96054538738863,8.381868426264695,8.719855743831673
2025-01-16 02:00:00,Nashik,29.17001860499246,53.08933253419038,22.155085611404598,0.8548157565675438
2025-01-16 03:00:00,Pune,22.555424651329343,92.87310319615366,12.032208743716318,4.4700284607025615
2025-01-16 04:00:00,Satara,29.231113401134913,78.6110316900257,15.99352290177428,0.19682886125452326
2025-01-16 05:00:00,Nashik,30.47751440214888,70.30838096305544,6.81162895231842,5.7339735829862235
2025-01-16 06:00:00,Satara,23.42868420836415,50.85295254112915,23.045575818880643,6.792853166291463
2025-01-16 07:00:00,Satara,23.923146274687422,62.309347146673566,10.70859450355674,3.271620387258011
2025-01-16 08:00:00,Nashik,27.076067763191016,85.5023534253132,12.923590481292091,1.3284093791155023
2025-01-16 09:00:00,Nashik,24.358343947201597,45.27037457993972,19.753955785673526,2.3724936089642776
2025-01-16 10:00:00,Satara,26.304071552731287,72.84962813046116,21.342271453368912,0.1222377088152091
2025-01-16 11:00:00,Pune,20.588362024436684,51.079230946121804,22.937670942133938,6.736896024771232
2025-01-16 12:00:00,Satara,22.574141968340143,50.559139443451585,22.856685364889568,1.21281543624472
2025-01-16 13:00:00,Nashik,28.81878762387512,58.52266574785525,19.578001901825523,0.1916627860598202
2025-01-16 14:00:00,Nashik,21.616089717803046,62.02476014734683,13.821257383596613,0.32200780287815123
2025-01-16 15:00:00,Satara,27.745633790431214,61.38943881503141,23.13838413597716,11.315952837386149
2025-01-16 16:00:00,Pune,27.797125695759462,84.55197135842107,12.69154207235534,2.2853549422575448
2025-01-16 17:00:00,Nashik,24.46867018957999,44.66781972676734,15.31817464219129,3.6716892106703596
2025-01-16 18:00:00,Nashik,28.100191721938163,84.90840884225531,19.678677585658043,0.04185250315566065
2025-01-16 19:00:00,Nashik,19.190994988989857,56.86020212547839,13.846119321615975,7.85004577371478
2025-01-16 20:00:00,Satara,28.389127648899713,95.05702563815164,21.269958736915754,6.110314092936569
2025-01-16 21:00:00,Satara,20.4378824063065,51.666328200698416,14.326627134784308,6.190198394411469
2025-01-16 22:00:00,Nashik,25.971300702720846,41.24703210658627,11.244637400325141,5.552328121549273
2025-01-16 23:00:00,Pune,28.68727958376327,73.64175062346128,21.789251642690182,7.856316942932993
2025-01-17 00:00:00,Nashik,31.20234257068168,55.51883154116253,12.23422467297899,1.460201412071387
2025-01-17 01:00:00,Satara,22.402946912336986,57.84415208649541,6.544361517999513,0.6941429351613163
2025-01-17 02:00:00,Satara,23.672640329745533,89.87353566201371,18.329235323058512,7.683649150734939
2025-01-17 03:00:00,Pune,25.548156723252323,55.382898601528346,11.34304593879039,2.595068711019465
2025-01-17 04:00:00,Pune,20.78190971435795,63.75626899627018,16.205224071461238,6.347699962594998
2025-01-17 05:00:00,Pune,21.147155416993456,65.86128326765895,10.787337314283167,4.947915756350047
2025-01-17 06:00:00,Satara,26.60399025994472,97.10539570258699,10.889708901702384,2.949033242854277
2025-01-17 07:00:00,Satara,26.01893764346253,95.1540712407862,9.92406054708491,0.03774821896860944
2025-01-17 08:00:00,Pune,27.89631349345146,44.813885724330255,23.647791592305886,0.5803512830429018
2025-01-17 09:00:00,Nashik,28.793461426761414,49.14402931456513,14.934456977827688,4.085592130023992
2025-01-17 10:00:00,Pune,18.472135182561473,64.6444798534353,12.651841470178713,7.244183227239883
2025-01-17 11:00:00,Pune,20.38383309220415,94.0439375859474,18.416992510875563,3.3026216034682783
2025-01-17 12:00:00,Nashik,29.789301535613863,56.19593195755705,6.348657438316446,1.5222250389544731
2025-01-17 13:00:00,Satara,24.126200242332256,71.72930194993555,13.109234776217606,1.6875080223967025
2025-01-17 14:00:00,Pune,27.02443590611761,47.8657040166499,14.271570017654465,0.28942494166971505
2025-01-17 15:00:00,Nashik,25.506252465142964,80.50781866475731,21.45821094951473,1.020978688716726
2025-01-17 16:00:00,Satara,23.917533360680824,55.94559632301444,12.448649313993318,6.283574287659434
2025-01-17 17:00:00,Nashik,29.52596182608738,69.39821551910616,14.456136987762536,0.9657526644328198
2025-01-17 18:00:00,Satara,21.60819891666814,65.07709018529036,8.557362226300025,1.1056177902162068
2025-01-17 19:00:00,Pune,22.187691961979645,92.47789230653645,12.966940389553958,0.027798396916621487
2025-01-17 20:00:00,Nashik,27.901130831637246,62.78258352281,11.941258404258523,0.9267551980909056
2025-01-17 21:00:00,Pune,23.002474887219396,84.06722874482328,9.501830714160679,5.963449585563377
2025-01-17 22:00:00,Pune,24.390103336159328,43.460545804838134,5.0081848122747346,4.604019486080826
2025-01-17 23:00:00,Nashik,24.63600055326716,76.96004325583759,11.463181640875424,2.69216605222743
2025-01-18 00:00:00,Nashik,24.02841467749612,57.34585932197537,22.69161644270529,5.574572443050552
2025-01-18 01:00:00,Nashik,31.816337726795815,44.61501456708603,22.823468439962827,1.8301185353083131
2025-01-18 02:00:00,Pune,28.15146043178911,47.50224563086987,21.208183183264886,2.5892392536077278
2025-01-18 03:00:00,Nashik,27.750790241271453,77.7362447311362,17.96088117484916,0.5629860172148543
2025-01-18 04:00:00,Satara,23.50255099585637,83.4832687471364,23.8138727199034,0.4657176183498499
2025-01-18 05:00:00,Nashik,20.113170937642415,63.54844545598333,20.982122169537313,3.7215751072627308
2025-01-18 06:00:00,Nashik,19.577383585901597,56.070725696295995,20.826266035219952,0.45489087536764905
2025-01-18 07:00:00,Nashik,23.249356545185584,61.6970754050199,11.408545521263152,0.08604451170053012
2025-01-18 08:00:00,Pune,25.252207038554527,96.17857433977179,21.155461526253735,2.665551976441831
2025-01-18 09:00:00,Satara,34.99619102331491,93.75325648104754,16.257041203427864,3.1175148355598297
2025-01-18 10:00:00,Satara,23.751866408423258,61.66478224427017,14.696960440712727,0.571364652030471
2025-01-18 11:00:00,Nashik,22.82261848866688,43.760887048321,17.953531155028397,0.052380062103230714
2025-01-18 12:00:00,Satara,21.590931429229165,73.64457693095511,9.11679247119909,2.135661442800868
2025-01-18 13:00:00,Pune,21.380102670254757,62.74877047395024,14.733105633851533,2.0242530813228052
2025-01-18 14:00:00,Pune,28.306888498218438,40.246769959962684,13.497391235862404,0.41217992275912124
2025-01-18 15:00:00,Nashik,20.954053897695296,98.00524248186616,10.798754067091394,4.437386299275596
2025-01-18 16:00:00,Satara,21.59389155282757,78.47239936973531,19.718970491076533,5.357050352307323
2025-01-18 17:00:00,Nashik,27.165167553338726,92.34402984235871,6.8356086143698995,2.439525493115814
2025-01-18 18:00:00,Pune,27.109131509257015,69.40060177643412,12.72169908130225,1.1540930987700266
2025-01-18 19:00:00,Pune,23.790820593563755,51.149132936285255,8.077107360205458,2.7784694794905267
2025-01-18 20:00:00,Pune,27.016672559849795,94.22268633788528,11.36998468607834,3.4758362790113133
2025-01-18 21:00:00,Satara,23.326928975021318,56.21637958547262,6.256568026769907,3.715190717101734
2025-01-18 22:00:00,Nashik,26.294455721074744,43.72123649323344,19.48003787177846,0.35842738327591317
2025-01-18 23:00:00,Pune,26.756716540613922,80.06665492288613,19.71513779008056,1.0316044487204838
2025-01-19 00:00:00,Satara,29.107106040054084,50.77792594157896,13.264051680359554,0.16054301422420675
2025-01-19 01:00:00,Pune,28.156945987125194,77.1328287416381,23.423794298377988,5.518916692137855
2025-01-19 02:00:00,Pune,23.52868797331782,80.04751952282182,15.922242457383845,1.92654855976167
2025-01-19 03:00:00,Pune,25.61143113243949,54.27454343644227,5.477560571114055,9.242185832796878
2025-01-19 04:00:00,Nashik,21.41943282490602,53.07569935949694,14.209739913632163,5.481654959935824
2025-01-19 05:00:00,Pune,27.93982926140893,81.49756535493404,8.272523462499581,17.692437176326447
2025-01-19 06:00:00,Pune,22.854803089383115,94.17692855220622,13.5865104981063,5.458459237378874
2025-01-19 07:00:00,Nashik,28.557935397353233,46.72125055039193,8.549480750537512,8.775692393547022
2025-01-19 08:00:00,Pune,27.901346358813047,98.45384377199922,5.903545560060475,1.5080383453416992
2025-01-19 09:00:00,Nashik,26.03441287951108,49.69608520485383,12.102966096762536,1.1539677019812924
2025-01-19 10:00:00,Nashik,26.444734495378633,76.57016797654911,9.504405970022646,0.2486235086889716
2025-01-19 11:00:00,Satara,26.69957056094832,43.68102278317002,11.112710745847828,0.47714782966500285
2025-01-19 12:00:00,Nashik,24.772198641336917,94.28175713098426,16.97224873851854,5.180855167428349
2025-01-19 13:00:00,Nashik,24.438313812807912,69.46554879049164,5.635971941909606,2.637382885649754
2025-01-19 14:00:00,Satara,27.232626100398065,73.56935580323108,24.381936868099864,8.358814612951512
2025-01-19 15:00:00,Nashik,28.270984424225087,63.180333428085255,10.267537005319374,6.436362372811647
2025-01-19 16:00:00,Pune,27.009364308244447,94.94544243534062,11.320646077748274,0.20027211170804482
2025-01-19 17:00:00,Satara,22.61766685843654,83.39728785489879,14.16715663780819,3.219001729017657
2025-01-19 18:00:00,Nashik,29.37478962120305,97.11934021408817,12.569615689503237,3.281378370636168
2025-01-19 19:00:00,Satara,21.241448450318483,70.52810934746053,19.930534084932336,2.104667757706998
2025-01-19 20:00:00,Satara,23.06570795501434,60.28575802838675,12.901239749593195,13.29323372332384
2025-01-19 21:00:00,Pune,25.915786067885314,85.51987846327422,5.497073180676482,4.5370242353845605
2025-01-19 22:00:00,Pune,24.996049877094,92.04313789480368,15.066899176923268,0.5243722518313805
2025-01-19 23:00:00,Satara,26.177539824814062,46.673289400846876,24.957234360416706,1.099365643362773
2025-01-20 00:00:00,Nashik,32.498727994225135,61.127708748016204,14.194664581640703,0.7457898837275809
2025-01-20 01:00:00,Satara,23.280602572124444,66.53096329773513,23.899285571425683,4.617646936934145
2025-01-20 02:00:00,Nashik,25.642172230266368,70.5392345659966,18.035380352221335,0.42975659377431336
2025-01-20 03:00:00,Satara,28.59119001947756,77.89739928557582,9.875458026244202,2.49409393460311
2025-01-20 04:00:00,Pune,25.26086394133114,42.97911338053939,15.098195010384428,4.484026709010235
2025-01-20 05:00:00,Pune,26.765996957873018,48.50213187650079,19.598348905171175,0.6600674642867782
2025-01-20 06:00:00,Nashik,22.78174891374097,66.48736751024023,6.416052036020215,7.852947269604398
2025-01-20 07:00:00,Satara,24.993402965574827,66.18887686261496,6.986224583595844,0.056707592413661814
2025-01-20 08:00:00,Nashik,27.25186581399833,83.10355349577962,16.1045961106431,2.777931433242565
2025-01-20 09:00:00,Nashik,25.56812968145399,88.72438219796453,19.61107246678888,1.6475574719720678
2025-01-20 10:00:00,Nashik,24.409129184882886,42.696302860452576,17.72529046753541,0.8255055542094907
2025-01-20 11:00:00,Satara,25.924614254857236,52.15531492302201,22.410162405574823,2.717685357584145
2025-01-20 12:00:00,Nashik,28.0612868544614,77.05214948261172,6.70189878466142,6.2585125058853075
2025-01-20 13:00:00,Satara,20.33677417978013,84.28952671009758,10.737168914218234,2.176863622257797
2025-01-20 14:00:00,Pune,28.110594537588298,64.83872603785528,13.805036814424934,0.6369970888173484
2025-01-20 15:00:00,Satara,28.933528088182005,78.8035428615998,14.933182209264917,1.188692691086165
2025-01-20 16:00:00,Pune,24.226628251345897,82.33500320239071,20.587256014106952,2.4946245594902283
2025-01-20 17:00:00,Nashik,20.508096072679493,75.42836039889241,18.113103366409426,3.9101920096057663
2025-01-20 18:00:00,Pune,27.591544804391848,72.54558344765643,12.941329055367953,6.464487847929254
2025-01-20 19:00:00,Satara,21.527168980280944,92.07066176306574,9.617946491147514,0.6741516993246697
2025-01-20 20:00:00,Pune,24.576763156826544,68.20750882953749,17.544331897133375,0.40858574613964227
2025-01-20 21:00:00,Satara,20.52586282001796,64.5094838243102,23.311039493661614,4.85585513645286
2025-01-20 22:00:00,Nashik,24.967004070746707,47.750488192754005,18.636996351225218,7.143742120374743
2025-01-20 23:00:00,Nashik,22.955062300941634,82.08306091912111,14.8096797912485,4.279957731633333
2025-01-21 00:00:00,Nashik,24.91964522609857,69.53477022602772,7.765405993044128,2.2553283590656887
2025-01-21 01:00:00,Pune,23.169500364343406,88.0758913635405,8.647770840131628,2.796655777877979
2025-01-21 02:00:00,Pune,23.77213607869845,72.89185837425433,5.790132937400829,1.2343509578380572
2025-01-21 03:00:00,Nashik,23.803498374790248,89.80902741990703,13.863243359742345,1.1170473778487127
2025-01-21 04:00:00,Satara,26.350064144537512,65.57365282599693,16.42543052445492,0.6015778351371285
2025-01-21 05:00:00,Pune,24.83851699364896,69.09875200143249,18.537299351578376,4.937391174352172
2025-01-21 06:00:00,Pune,24.66279616357513,77.61148544380278,8.152999555024888,2.0433329041809536
2025-01-21 07:00:00,Satara,26.742692341896678,93.38156709059447,12.281541579776835,0.030776853544884155
2025-01-21 08:00:00,Satara,24.703243416374782,92.8271650327237,12.568532398877315,2.4732038786195307
2025-01-21 09:00:00,Nashik,29.96322790975772,88.40909837348946,11.286632707894363,6.42511301085286
2025-01-21 10:00:00,Nashik,23.157860264698133,45.96332516966337,6.234202940350697,3.809851068722023
2025-01-21 11:00:00,Pune,24.422046683431443,75.54955155252497,21.576662147257924,2.5114451050731046
2025-01-21 12:00:00,Nashik,18.40554824084804,78.69712411803229,10.547447331826875,3.767702079845552
2025-01-21 13:00:00,Pune,24.784772709233266,55.1990338013953,9.356550423257504,8.58467289647656
2025-01-21 14:00:00,Pune,27.454411050235464,42.91989215642363,21.54282436011597,2.0051449025930737
2025-01-21 15:00:00,Nashik,26.742263005828356,87.12710035707146,18.8947528559477,0.9304139538907135
2025-01-21 16:00:00,Nashik,27.827289604859367,73.98472143676071,10.142347555656846,4.958566862515422
2025-01-21 17:00:00,Satara,23.718190319476907,47.69194206828642,19.62699973445926,3.4058860926338266
2025-01-21 18:00:00,Satara,20.894118086518787,46.50176286831497,22.284736218686426,8.57903675513475
2025-01-21 19:00:00,Satara,22.578775304035634,57.8901106281891,7.30711913956603,1.1941817673170814
